OBJECTID,Site reference,LDP2 reference,Year site added,Site area (ha),Site address,Easting,Northing,Site type,Site status,Owner/Developer,Tenure type,Planning application reference,Last planning approval date,Building warrant reference,Date completed/expired,Greenfield/Brownfield,Self build,Windfall site,Site capacity,BW plots written off,No of houses,No of flats,Plots completed in survey year,Total completions,Units to build,Year 24/25,Year 25/26,Year 26/27,Year 27/28,Year 28/29,Year 29/30,Year 30/31,Year 31/32,Year 32/33,Year 33/34,Later Years,Total Programmed,Shape__Area,Shape__Length
1,200321,H13,04/01/2003 00:00,1.249780008,QUEEN VICTORIA WORKS,339248,730423,Constrained,Constrained,PRIVATE,Private,,,,,Brownfield,No,No,50,0,50,0,0,0,50,0,0,0,0,0,0,0,0,0,,0,0,12497.80011,507.8732551
2,200611,,06/05/2007 00:00,1.677644291,"RIVERSIDE DRIVE, FORMER HOMEBASE SITE",339577,729422,Effective,Under Construction,H & H PROPERTIES LTD,Private,05/00770/FUL,06/05/2007 00:00,08/00093/NBUILD,,Brownfield,No,Yes,135,67,0,135,1,85,50,0,0,25,25,0,0,0,0,0,0,0,50,16776.44287,1056.614546
3,200347,,12/17/2013 12:00:00 AM,1.006730855,"MONIFIETH ROAD, ARMITSTEAD",347412,731148,Effective,Under Construction,H & H PROPERTIES LTD,Private,"13/00642/FULL, 16/00179/FULL, 21/00904/FULL",4/15/2022 12:00:00 AM,15/00790/DOM1,,Brownfield,No,No,26,0,3,23,0,0,26,26,0,0,0,0,0,0,0,0,0,0,26,10067.3085,413.9686309
4,201702,,07/01/2016 00:00,0.4595959,"GRAY STREET, 44 ",337271,731747,Effective,Site Complete,DEANSCOURT LTD,Private,16/00362/FULL,07/01/2016 00:00,18/00092/DOM1,06/01/2023 00:00,Brownfield,No,Yes,14,0,14,0,14,14,0,0,0,0,0,0,0,0,0,0,,0,14,4595.959,269.4388433
5,200909,H11,04/01/2009 00:00,1.277837095,"EAST SCHOOL ROAD, FORMER DOWNFIELD PS",338919,733132,Effective,Under Construction,H & H PROPERTIES LTD,Private,20/00076/FULL,11/18/2020 12:00:00 AM,22/00511/DOM1,,Brownfield,No,No,23,0,23,0,0,0,23,0,23,0,0,0,0,0,0,0,0,0,23,12778.3709,658.1829106
6,200911,H08,6/24/2019 12:00:00 AM,1.584647505,"ST LEONARD PLACE, FORMER MACALPINE PS",338134,733812,Effective,Under Construction,H & H PROPERTIES LTD,Private,"17/00420/FULL, 21/00406/FULL ",12/15/2021 12:00:00 AM,20/00023/DOM1,,Brownfield,No,No,33,0,33,0,12,32,1,1,0,0,0,0,0,0,0,0,0,0,1,15846.47513,514.5274232
7,201102,,12/21/2010 12:00:00 AM,0.075769505,"DURA STREET, 3",340858,731298,Effective,Planning Consent,WHITTET LTD,Private,"10/00676/FULL, 13/00824/FULL, 17/00014/FULL, 20/00018/FULL, 23/00153/FULL",6/29/2023 12:00:00 AM,,,Brownfield,No,Yes,8,0,0,8,0,0,8,0,0,8,0,0,0,0,0,0,0,0,8,757.6950378,137.9920668
8,201106,,04/01/2011 00:00,0.03526412,SEAGATE/TRADES LANE,340548,730518,Effective,Under Construction,HILLCREST HA,RSL,16/01058/FULL,8/21/2017 12:00:00 AM,17/00689/DOM1,,Brownfield,No,Yes,28,0,0,28,0,0,28,28,0,0,0,0,0,0,0,0,0,0,28,352.6411896,77.82774518
9,201205,H02,04/01/2012 00:00,0.564894137,"EARN CRESCENT, LAND AT ",336292,730903,Constrained,Constrained,DUNDEE CITY COUNCIL,Private,,,,,Brownfield,No,No,20,0,0,0,0,0,20,0,0,0,0,0,0,0,0,0,,0,0,5648.941299,320.5066158
10,201221,H20,04/01/2012 00:00,0.63833025,"HEBRIDES DRIVE WEST, MOM-PHASE 4",341048,733472,Effective,Allocated in LDP,DUNDEE CITY COUNCIL,Private,,,,,Brownfield,No,No,10,0,0,0,0,0,10,0,0,0,0,0,0,0,0,0,0,10,10,6383.302505,348.8912764
11,201303,,04/01/2013 00:00,1.22031785,"PITKERRO ROAD, 189-197 ",342685,732806,Effective,Site Complete,HOME SCOTLAND,RSL,"16/01057/FULL, 19/00807/FULL",06/09/2021 00:00,18/00634/DOM1,3/26/2024 12:00:00 AM,Brownfield,No,Yes,29,0,19,10,29,29,0,0,0,0,0,0,0,0,0,0,,0,0,12203.17848,528.5301837
12,201410C,,01/05/2017 00:00,0.086026335,"BUGHTIES ROAD, 22",347058,731241,Small Site,Under Construction,PRIVATE,Private,"16/00889/FULL, 19/00822/FULL",1/13/2020 12:00:00 AM,"14/00723/DOM2, 17/00356/DOM2",,Brownfield,No,Yes,1,0,1,0,0,0,1,0,0,0,0,0,0,0,0,0,,0,0,860.2633362,127.9929902
13,201410A,,12/13/2013 12:00:00 AM,0.130554307,"WEST GROVE AVENUE,10 ",337465,730045,Small Site,Under Construction,PRIVATE,Private,"08/00592/FUL, 16/00314/FULL, 19/00376/FULL, 21/00671/FULL",03/04/2022 00:00,"10/00714/NBUILD, 16/00460/DOM2",,Brownfield,No,Yes,1,0,1,0,0,0,1,0,0,0,0,0,0,0,0,0,,0,0,1305.543091,189.185374
14,201413,H03,04/01/2014 00:00,3.402098453,"CLATTO, LAND AT",336967,734365,Constrained,Constrained,SCOTTISH WATER,Private,,,,,Brownfield,No,No,60,0,0,0,0,0,60,0,0,0,20,20,20,0,0,0,,0,60,34020.98451,830.690571
15,201415,H12,04/01/2014 00:00,0.66612281,"KIRKTON ROAD, FORMER ST COLUMBAS PS",339075,733403,Effective,Under Construction,H & H PROPERTIES LTD,Private,17/00417/FULL,11/18/2020 12:00:00 AM,21/00283/DOM1,,Brownfield,No,No,21,0,21,0,13,13,8,10,11,0,0,0,0,0,0,0,0,0,21,6661.228073,327.8310465
16,201423,,7/20/2016 12:00:00 AM,1.000697911,PITKERRO MILL,345078,733464,Effective,Under Construction,SOUTH TAY LTD,Private,16/00394/FULL,7/20/2016 12:00:00 AM,17/00321/DOM1,,Greenfield,No,Yes,6,0,6,0,0,0,6,6,0,0,0,0,0,0,0,0,0,0,6,10006.97911,461.3202992
17,200356A,,03/11/2016 00:00,19.34174556,"WESTERN GATEWAY, SOUTH GRAY",334131,731821,Effective,Under Construction,SPRINGFIELD,Private,"15/00121/FULM, 16/00370/FULL, 16/01012/MDPO, 17/00938/FULL, 18/00539/FULL",11/06/2018 00:00,"15/00620/DOM1, 18/00073/DOM1, 22/00570/DOM1",,Greenfield,No,Yes,341,167,146,58,0,201,140,0,40,40,60,0,0,0,0,0,0,0,140,193417.4555,1787.155109
18,200408,,06/03/2015 00:00,24.33120373,"WESTERN GATEWAY, SWALLOW",334038,731320,Effective,Under Construction,SPRINGFIELD,Private,"14/00205/FULM, 16/01023/FULL, 17/00409/MDPO, 23/00168/FULL",7/19/2017 12:00:00 AM,"15/00191/DOM1, 15/00335/DOM1, 15/00641/DOM1, 21/00369/DOM1, 22/00345/DOM1",,Greenfield,No,No,230,128,0,0,26,133,97,24,0,0,0,38,35,0,0,0,0,0,97,243312.0374,2228.129146
19,201509,,04/01/2015 00:00,1.524181399,"LINLATHEN HOUSE, LAND TO EAST OF",346406,732975,Constrained,Constrained,PRIVATE,Private,10/00298/FULM,,13/00220/DOM1,,Greenfield,No,Yes,60,0,0,0,0,18,42,0,0,0,0,0,0,0,0,0,,0,0,15241.8139,1019.8956
20,200738,,6/17/2016 12:00:00 AM,7.820707431,DUNDEE WESTERN LIFF PHASE 2,334379,732314,Effective,Under Construction,SPRINGFIELD,Private,"15/00410/FULM, 18/00992/FULL",02/06/2019 00:00,18/00685/DOM1,,Greenfield,No,Yes,100,0,100,0,0,0,100,0,24,36,26,4,0,0,0,0,0,0,100,78207.07433,1437.790597
21,201601,,7/28/2015 12:00:00 AM,0.196632734,"GARDYNE ROAD, WINNOCKS, 1 ",343984,731379,Effective,Site Complete,PRIVATE,Private,"15/00416/FULL, 17/00947/FULL, 22/0018/NMV, 23/0019/NMV",02/08/2018 00:00,17/00711/DOM1,04/04/2023 00:00,Brownfield,No,Yes,7,0,0,7,7,7,0,0,0,0,0,0,0,0,0,0,,0,2,1966.327301,232.5111549
22,201607L,,5/15/2015 12:00:00 AM,0.040366131,"COLLINGWOOD CRESCENT, 20, LAND TO WEST OF",347875,731329,Small Site,Under Construction,PRIVATE,Private,"15/00138/FULL, 19/00031/FULL",05/01/2019 00:00,19/00644/DOM2,,Brownfield,No,Yes,1,0,1,0,0,0,1,0,0,0,0,0,0,0,0,0,,0,0,403.6613159,88.83357963
23,201705G,,6/24/2016 12:00:00 AM,0.146947301,"DUDHOPE TERRACE, 7 ",339493,730910,Small Site,Consent Expired,PRIVATE,Private,"16/00277/FULL, 19/00797/FULL",12/19/2019 12:00:00 AM,19/00655/DOM4,12/19/2022 12:00:00 AM,Brownfield,No,Yes,1,0,1,0,0,0,1,0,0,0,0,0,0,0,0,0,0,0,0,1469.473038,167.7835327
24,201705H,,9/14/2016 12:00:00 AM,0.057013176,"MONIFIETH ROAD, 96 ",347449,731179,Small Site,Under Construction,PRIVATE,Private,16/00505/FULL,9/14/2016 12:00:00 AM,17/00095/DOM2,,Brownfield,No,Yes,1,0,1,0,0,0,1,0,0,0,0,0,0,0,0,0,,0,0,570.1318054,102.9926056
25,201705B,,04/08/2010 00:00,0.03385663,"BROOK STREET, 197, 2/2, BROUGHTY FERRY",346151,730939,Small Site,Planning Consent,PRIVATE,Private,"10/00066/FULL, 13/00139FULL, 16/00488/FULL, 19/00185/FULL,  22/00283/FULL",06/02/2022 00:00,"12/00033/ALT, 21/00661/DOM3",05/10/2022 00:00,Brownfield,No,Yes,1,0,0,1,0,0,1,0,0,0,0,0,0,0,0,0,,0,0,338.5662689,79.08719366
26,201705K,,12/08/2016 00:00,0.182993209,"DUNDEE ROAD, HOLLY HILL, 69",344419,731195,Small Site,Planning Consent,PRIVATE,Private,"16/00832/FULL, 19/00845/FULL, 22/00651/FULL",11/24/2022 12:00:00 AM,,,Brownfield,No,Yes,1,0,1,0,0,0,0,0,0,0,0,0,0,0,0,0,,0,0,1829.932037,198.138962
27,201108,,04/01/2011 00:00,3.587017201,"DERBY STREET, FORMER MULTIS",339832,731556,Effective,Under Construction,DCC/HILLCREST,DCC/RSL,"16/00806/FULM, 17/00799/FULL",12/11/2017 00:00,17/00053/DOM1,,Brownfield,No,Yes,162,1,39,123,111,136,26,26,0,0,0,0,0,0,0,0,0,0,26,35870.17198,1179.6999
28,201805B,,05/12/2017 00:00,0.106746323,"MONIFIETH ROAD, 92A ",347338,731179,Small Site,Under Construction,PRIVATE,Private,16/00745/FULL,05/12/2017 00:00,20/00299/DOM1,,Brownfield,No,Yes,2,0,2,0,0,0,2,0,0,0,0,0,0,0,0,0,,0,0,1067.463211,147.6586545
29,201805C,,5/24/2017 12:00:00 AM,0.040015906,"GLAMIS ROAD, 28A ",336991,730301,Small Site,Planning Consent,PRIVATE,Private,"17/00266/FULL, 21/00451/FULL",8/19/2021 12:00:00 AM,0,,Brownfield,No,Yes,1,0,1,0,0,0,1,0,0,0,0,0,0,0,0,0,,0,0,400.1590271,87.66959269
30,201805D,,06/01/2017 00:00,0.152675014,"HAREFIELD ROAD, 16, LAND TO EAST OF ",338201,731821,Small Site,Planning Consent,PRIVATE,Private,"17/00247/FULL, 22/00010/FULL",03/10/2022 00:00,0,,Brownfield,No,Yes,1,0,1,0,0,0,1,0,0,0,0,0,0,0,0,0,,0,0,1526.750122,174.7538552
31,201805G,,10/26/2017 12:00:00 AM,0.138441768,"GIBSON TERRACE, 3, LAND EAST OF",341179,731912,Small Site,Under Construction,PRIVATE,Private,"17/00594/FULL, 20/00295/FULL",8/28/2020 12:00:00 AM,20/00387/DOM2,,Brownfield,No,Yes,1,0,1,0,0,0,1,0,0,0,0,0,0,0,0,0,,0,0,1384.417725,165.0028083
32,201805J,,11/15/2017 12:00:00 AM,0.038505837,"PRINCES STREET, 161",341072,730954,Small Site,Under Construction,PRIVATE,Private,17/00769/FULL,11/15/2017 12:00:00 AM,18/00020/DOM1,,Brownfield,No,Yes,3,0,0,3,0,0,3,0,0,0,0,0,0,0,0,0,,0,0,385.0584106,104.3442094
33,202009,,9/18/2019 12:00:00 AM,0.918439817,"MORGAN STREET, TAYBANK WORKS PH 2",341351,731255,Effective,Planning Consent,CALEDONIA HA,RSL,"19/00227/FULL, 20/00039/FULL, 20/00306/FULL, 21/00326/FULL",11/19/2021 12:00:00 AM,20/00236/DOM1,,Brownfield,No,Yes,37,0,21,16,0,0,37,0,37,0,0,0,0,0,0,0,0,0,37,9184.398163,410.1142264
34,201805M,,3/26/2018 12:00:00 AM,0.186369855,"ARBROATH ROAD, NORTH GRANGE FARM",348337,733354,Small Site,Planning Consent,PRIVATE,Private,"18/00053/FULL, 21/00123/FULL",05/07/2021 00:00,0,,Brownfield,No,Yes,1,0,1,0,0,0,1,0,0,0,0,0,0,0,0,0,,0,0,1863.698547,179.735873
35,201417,H05,04/01/2014 00:00,1.781801571,"SOUTH ROAD, FORMER LOCHEE PS",337330,731477,Effective,Planning Consent,H & H PROPERTIES LTD,Private,22/00402/FULL,11/01/2023 00:00,24/00157/DOM1 - pending,,Brownfield,No,No,39,0,39,0,0,0,39,0,30,9,0,0,0,0,0,0,0,0,39,17818.01578,642.18106
36,200913,H09,04/01/2009 00:00,4.024883485,"RANNOCH ROAD, FORMER LAWSIDE ACADEMY",338363,733094,Effective,Allocated in LDP,DUNDEE CITY COUNCIL,Private,,,,,Brownfield,No,No,70,0,0,0,0,0,70,0,0,0,0,20,20,30,0,0,0,0,70,40248.83493,1092.614427
37,201825,H14,04/01/2018 00:00,2.176848346,"GREENMARKET, FORMER RAILYARDS *",339467,729510,Effective,Allocated in LDP,SCOTTISH ENTERPRISE,TBC,,,,,Brownfield,No,No,110,0,0,0,0,0,110,0,0,0,50,60,0,0,0,0,0,0,110,21768.4834,778.5420778
38,201813,H16,04/01/2018 00:00,0.61366991,"MAXWELLTOWN, FORMER MULTIS",340172,731036,Effective,Allocated in LDP,DUNDEE CITY COUNCIL,TBC,,,,,Brownfield,No,No,30,0,0,0,0,0,30,0,0,0,0,30,0,0,0,0,0,0,30,6136.699097,346.225237
39,200728,H18,04/01/2007 00:00,0.259715388,PRINCES STREET,340941,730852,Constrained,Constrained,DUNDEE CITY COUNCIL,Private,PREAPP/001/2019,,,,Brownfield,No,No,20,0,0,0,0,0,20,0,0,0,0,0,0,0,0,0,,0,0,2597.15387,243.999715
40,201214,H21,04/01/2012 00:00,0.4466989,"HEBRIDES DRIVE NORTH EAST, MOM-PHASE 4",341531,733473,Effective,Planning Consent,HOME SCOTLAND,RSL,"18/00974/FULL, 23/00059/FULL",01/09/2024 00:00,23/00034/DOM1,,Brownfield,No,No,17,0,7,10,0,0,17,0,17,0,0,0,0,0,0,0,0,0,17,4466.988968,301.2548646
41,201213,H22,04/01/2012 00:00,0.578881831,"HEBRIDES DRIVE SOUTH EAST, MOM-PHASE 4)",341518,733254,Effective,Planning Consent,HOME SCOTLAND,RSL,"18/00974/FULL, 23/00059/FULL",01/09/2024 00:00,23/00034/DOM1,,Brownfield,No,No,31,0,7,24,0,0,31,0,31,0,0,0,0,0,0,0,0,0,31,5788.818375,353.4160123
42,201110,H23,04/01/2011 00:00,1.457719905,"BALLOCHMYLE DRIVE, FORMER MOSSGIEL PSC PHASE 2",341769,732646,Effective,Allocated in LDP,DUNDEE CITY COUNCIL,RSL,,,,,Brownfield,No,No,30,0,0,0,0,0,30,0,15,15,0,0,0,0,0,0,0,0,30,14577.19908,586.1201363
43,201012,H25,04/01/2010 00:00,1.827373366,"LOTHIAN CRESCENT, FORMER WHITFIELD SHOPPING CENTRE",343056,733375,Effective,Allocated in LDP,DUNDEE CITY COUNCIL,Private/RSL,,,,,Brownfield,No,No,30,0,0,0,0,0,30,0,0,0,30,0,0,0,0,0,0,0,30,18273.73378,583.296097
44,200353,H26,04/01/2003 00:00,0.834529291,LOTHIAN CRESCENT,343118,733510,Constrained,Constrained,DUNDEE CITY COUNCIL,RSL,,,,,Brownfield,No,No,15,0,0,0,0,0,15,0,0,0,0,0,0,0,0,0,,0,0,8345.292984,457.767044
45,201010,H28,04/01/2010 00:00,3.758759156,TRANENT GROVE,343320,733503,Effective,Allocated in LDP,DUNDEE CITY COUNCIL,Private,22/00461/FULL,12/16/2022 12:00:00 AM,,,Brownfield,No,No,53,0,0,0,0,0,53,0,0,22,31,0,0,0,0,0,0,0,53,37587.59129,1337.589421
46,201220,H19,04/01/2012 00:00,0.411420458,"BARNS OF CLAVERHOUSE ROAD, MOM PHASE 4",340911,733631,Constrained,Planning Consent,DUNDEE CITY COUNCIL,Private,,,,,Brownfield,No,No,12,0,0,0,0,0,12,0,0,0,0,0,0,0,0,0,,0,0,4114.204605,286.3017314
47,201008,H31,04/01/2010 00:00,1.336903371,"LOTHIAN CRESCENT, BOWLING GREEN EAST",343913,733373,Effective,Allocated in LDP,DUNDEE CITY COUNCIL,Private,,,,,Brownfield,No,No,30,0,0,0,0,0,30,0,0,15,15,0,0,0,0,0,0,0,30,13369.0336,450.8269752
48,201827,H33,04/01/2018 00:00,8.4240753,"DRUMGEITH ROAD, KELLYFIELD",344237,733239,Effective,Allocated in LDP,DUNDEE CITY COUNCIL,TBC,,,,,Brownfield,No,No,100,0,0,0,0,0,100,0,0,0,0,30,30,40,0,0,0,0,100,84240.75291,1531.759925
49,201814,H34,04/01/2018 00:00,1.669699893,"ETIVE GARDENS, FORMER GOWRIEHILL PS",335665,731239,Effective,Allocated in LDP,DUNDEE CITY COUNCIL,RSL,,,,,Brownfield,No,No,35,0,0,0,0,0,35,0,0,35,0,0,0,0,0,0,0,0,35,16696.9989,547.4676859
50,201815,H35,04/01/2018 00:00,1.973772299,"DENOON TERRACE, FORMER HILLSIDE PS",336897,731187,Effective,Allocated in LDP,DUNDEE CITY COUNCIL,TBC,,,,,Brownfield,No,No,45,0,0,0,0,0,45,0,15,30,0,0,0,0,0,0,0,0,45,19737.72301,660.4985602
51,201816,H36,04/01/2018 00:00,0.361871655,"HIGH STREET, LOCHEE, FORMER ST MARYS INFANT SCHOOL",337998,731337,Effective,Allocated in LDP,DUNDEE CITY COUNCIL,TBC,,,,,Brownfield,No,No,10,0,0,0,0,0,10,0,10,0,0,0,0,0,0,0,0,0,10,3618.716522,271.859569
52,201817,H37,04/01/2018 00:00,4.926044065,"BURN STREET, FORMER BALDRAGON ACADEMY",339111,733973,Effective,Allocated in LDP,DUNDEE CITY COUNCIL,TBC,,,,,Brownfield,No,No,70,0,0,0,0,0,70,0,0,0,35,35,0,0,0,0,0,0,70,49260.4406,1202.987309
53,201829,H41,01/11/2018 00:00,21.98329978,"DYKES OF GRAY, NORTH WEST",333717,731646,Effective,Allocated in LDP,SPRINGFIELD,Private,,,,,Greenfield,No,No,250,0,0,0,0,0,250,0,0,0,0,0,48,48,48,48,48,10,250,219832.9978,1876.377445
54,201821,H42,04/01/2018 00:00,3.27974373,"WESTERN GATEWAY, LIFF",334219,732498,Effective,Allocated in LDP,NHS,Private,,,,,Greenfield,No,No,30,0,0,0,0,0,30,0,0,0,0,0,30,0,0,0,0,0,30,32797.43736,770.799052
55,201822,H43,04/01/2018 00:00,13.44231191,"DYKES OF GRAY, NORTH EAST",334471,732016,Effective,Allocated in LDP,SPRINGFIELD,Private,,,,,Greenfield,No,No,215,0,0,0,0,0,215,0,0,24,36,36,36,36,36,11,0,0,215,134423.119,1578.236755
56,201823,H44,04/01/2018 00:00,6.221625252,BALDRAGON FARM,337401,734790,Effective,Under Construction,AVANT HOMES,Private,"19/00707/FULM, 20/00771/FULL",04/09/2021 00:00,19/00592/DOM1,,Greenfield,No,No,120,0,120,0,16,46,74,36,36,2,0,0,0,0,0,0,0,0,74,62216.25252,1236.576202
57,201824B,H45,5/21/2021 12:00:00 AM,7.487202999,"BALLUMBIE ROAD, LAND TO EAST OF - PHASE 2",344607,733962,Effective,Planning Consent,STEWART MILNE,Private,20/00423/FULM,5/21/2021 12:00:00 AM,"22/00108/DOM1 (46), 22/00643/DOM1 (104)",,Greenfield,No,No,150,0,150,0,0,0,150,0,24,24,24,24,24,24,6,0,0,0,150,74872.0298,1253.577665
58,201424,H47,04/01/2014 00:00,1.571273213,"STRATHYRE AVENUE, LAND TO EAST OF ",347040,732767,Constrained,Constrained,PRIVATE,Private,,,,,Greenfield,No,No,26,0,0,0,0,0,26,0,0,0,0,0,0,0,0,0,,0,0,15712.73215,587.7517677
59,201510,H06,04/01/2015 00:00,6.142367226,LOCHEE DISTRICT CENTRE,337857,731572,Effective,Allocated in LDP,HILLCREST HA,RSL,"13/00678/FULL, 15/00079/FULL, 19/00738/FULL",1/27/2020 12:00:00 AM,21/00029/DOM1,,Brownfield,No,No,40,0,0,0,0,0,40,0,0,20,20,0,0,0,0,0,0,0,40,61423.67239,1268.032974
60,201109,H17,04/01/2011 00:00,23.96941728,CENTRAL WATERFRONT *,340509,729995,Effective,Allocated in LDP,DUNDEE CITY COUNCIL,Mixed,"17/00113/FULM, 18/00400/FULL, ",10/16/2020 12:00:00 AM,"18/00718/DOM1, 18/00719/DOM1, 22/00142/DOM1",,Brownfield,No,No,276,0,0,276,0,0,276,0,0,0,0,0,60,70,70,76,0,0,276,239694.1727,2470.21056
61,200807,H04,04/01/2008 00:00,0.44319051,QUARRY GARDENS,337130,732089,Constrained,Planning Consent,DUNDEE CITY COUNCIL,Private,,,,,Brownfield,No,No,18,0,0,0,0,0,0,0,0,0,0,0,0,0,0,0,,0,0,4431.905106,263.4391153
62,200504D,H32,10/22/2020 12:00:00 AM,1.823668326,ABERLADY CRESCENT PHASE 3B/4,343953,733534,Effective,Under Construction,DJ LAING,Private,"20/00121/FULL, 22/00657/FULL",02/10/2023 00:00,"15/00654/DOM1, 15/00654/DOM1/G",,Brownfield,No,No,34,2,32,0,4,31,3,3,-3,0,0,0,0,0,0,0,0,0,3,18236.68324,816.7369054
63,201904A,,05/07/2018 00:00,0.133660753,"PERTH ROAD, 474, LAND TO EAST OF COACH HOUSE",337685,729805,Small Site,Site Complete,PRIVATE,Private,"18/00129/FULL, 21/00086/FULL",05/07/2021 00:00,21/00461/DOM2,09/01/2023 00:00,Brownfield,No,Yes,1,0,1,0,1,1,0,0,0,0,0,0,0,0,0,0,,0,0,1336.607574,237.6215568
64,201009A,H30,11/15/2018 12:00:00 AM,0.474455118,HADDINGTON AVENUE (Phase 1),343571,733519,Effective,Site Complete,MERCHANT/HOME SCOTLAND,Private/RSL,18/00224/FULL,9/19/2019 12:00:00 AM,18/00744/DOM1,05/11/2023 00:00,Brownfield,No,No,13,0,13,0,2,13,0,0,0,0,0,0,0,0,0,0,,0,3,4744.551254,423.0495144
65,201902,,7/16/2018 12:00:00 AM,0.85218985,"COLDSIDE ROAD, LAND SOUTH OF",339507,731945,Effective,Under Construction,CALEDONIA HA,RSL,17/00933/FULL,7/16/2018 12:00:00 AM,19/00337/DOM1,,Brownfield,No,Yes,30,0,18,12,20,20,10,10,0,0,0,0,0,0,0,0,0,0,10,8521.898514,428.1049838
66,201414,H10,04/01/2014 00:00,0.827325514,LAUDERDALE AVENUE,338598,733531,Effective,Under Construction,INVERTAY HOMES,Private,18/00463/FULL,9/14/2018 12:00:00 AM,19/00083/DOM1,,Brownfield,No,No,27,0,27,0,2,26,1,1,0,0,0,0,0,0,0,0,0,0,1,8273.255173,395.875551
67,201904F,,09/06/2018 00:00,0.02174565,"ALBERT SQUARE, 21",340324,730464,Small Site,Site Complete,PRIVATE,Private,18/00454/FULL,09/06/2018 00:00,19/00085/DOM1,04/12/2023 00:00,Brownfield,No,Yes,2,0,0,2,2,2,0,0,0,0,0,0,0,0,0,0,,0,2,217.4565125,69.17031102
68,201904G,,10/15/2018 12:00:00 AM,0.084969977,"RIVER CRESCENT, GARDEN GROUND WEST OF BURNSIDE",336537,729831,Small Site,Site Complete,PRIVATE,Private,"18/00595/FULL, 20/00129/FULL",4/30/2020 12:00:00 AM,20/00330/DOM2,11/01/2023 00:00,Brownfield,No,Yes,1,0,1,0,1,1,0,0,0,0,0,0,0,0,0,0,,0,1,849.6997833,128.2115691
69,201906,,9/25/2018 12:00:00 AM,0.140606226,LANGLANDS STREET,341037,731374,Effective,Under Construction,HILLCREST HA,RSL,18/00500/FULL,9/25/2018 12:00:00 AM,20/00378/DOM1,,Brownfield,No,Yes,16,0,0,16,0,0,16,16,0,0,0,0,0,0,0,0,0,0,16,1406.062317,178.2000623
70,201910,,12/14/2018 12:00:00 AM,0.285322203,"GUTHRIE STREET, THE OLD MILL",339735,730377,Effective,Under Construction,RAMSAY PROPERTIES LTD,Private,17/00134/FULL,12/14/2018 12:00:00 AM,19/00274/DOM1,,Brownfield,No,Yes,17,0,0,17,0,0,17,17,0,0,0,0,0,0,0,0,0,0,17,2853.221985,449.4234489
71,201908,,12/20/2018 12:00:00 AM,0.57494227,THORTER LOAN/SOUTH VICTORIA DOCK ROAD,340968,730232,Effective,Under Construction,HILLCREST HA,RSL,18/00387/FULM,12/20/2018 12:00:00 AM,19/00224/DOM1,,Brownfield,No,Yes,119,0,0,119,66,66,53,53,0,0,0,0,0,0,0,0,0,0,53,5749.422729,314.2387732
72,201912,,04/09/2019 00:00,3.948445999,ELLENGOWAN DRIVE,341769,731105,Effective,Under Construction,HILLCREST HA,RSL,18/00487/FULM,04/09/2019 00:00,"18/00752/DOM1, 18/00753/DOM1",,Brownfield,No,Yes,130,0,22,48,8,70,60,60,0,0,0,0,0,0,0,0,0,0,60,39484.45992,1150.85965
73,201830,H46,6/25/2018 12:00:00 AM,15.89729685,"ARBROATH ROAD, LINLATHEN",346394,733242,Effective,Under Construction,KIRKWOOD HOMES,Private,"18/00115/FULM, 19/00799/FULM, 21/00322/FULL, 21/00376/FULL, 21/00677/FULL, 21/00713/FULL",07/01/2021 00:00,"15/00658/DOM1, 20/00388/DOM1, 21/00111/DOM1, 21/00433/DOM1, 21/00672/DOM1",,Greenfield,No,No,250,0,250,0,39,224,26,26,0,0,0,0,0,0,0,0,0,0,26,158972.9684,2189.781895
74,202003,,4/17/2019 12:00:00 AM,0.068308811,"MURRAYGATE, 11-23",340422,730416,Effective,Under Construction,HILLCREST HA,RSL,18/01012/FULL,4/17/2019 12:00:00 AM,21/00072/DOM1,,Brownfield,No,Yes,31,0,0,31,0,0,31,31,0,0,0,0,0,0,0,0,0,0,31,683.0881195,106.7911397
75,202002,,5/28/2019 12:00:00 AM,6.448581112,LIFF HOSPITAL,334641,732800,Effective,Site Complete,MILLER HOMES,Private,"18/00406/FULL, 18/00407/FULL",5/28/2019 12:00:00 AM,18/00564/DOM1,06/06/2023 00:00,Brownfield,No,Yes,54,0,54,0,1,54,0,0,0,0,0,0,0,0,0,0,,0,1,64485.81122,1584.95093
76,202004L,,10/25/2019 12:00:00 AM,0.21775257,PITKERRO MILL,345105,733477,Small Site,Site Complete,DEWLOR DEVELOPMENTS,Private,"19/00560/FULL, 23/00238/FULL",08/02/2023 00:00,19/00493/DOM1,3/25/2024 12:00:00 AM,Brownfield,No,Yes,2,0,2,0,2,2,0,0,0,0,0,0,0,0,0,0,,0,0,2177.525711,337.684968
77,202012,,12/18/2019 12:00:00 AM,2.881652249,"KINGSWAY EAST, FORMER STEWART HOUSE",342852,731829,Effective,Under Construction,PERSIMMON HOMES,Private,"19/00687/FULM, 23/00449/FULL",09/07/2023 00:00,19/00581/DOM1,,Brownfield,No,Yes,71,0,71,0,0,0,71,36,35,0,0,0,0,0,0,0,0,0,71,28816.52254,965.370283
78,202013,,1/23/2020 12:00:00 AM,0.213622512,"BUTTARS LOAN, SITE TO THE EAST",336795,731616,Effective,Under Construction,GREEN PADS LTD,Private,19/00246/FULL,1/23/2020 12:00:00 AM,20/00144/DOM1,,Brownfield,No,Yes,8,0,8,0,0,0,8,4,4,0,0,0,0,0,0,0,0,0,8,2136.225159,187.8530165
79,202004P,,1/31/2020 12:00:00 AM,0.051985298,"ROCKFIELD CRESCENT, 7, LAND TO NORTH",338252,730106,Small Site,Planning Consent,PRIVATE,Private,"19/00914/PPPL, 23/00511/PPPL",9/29/2023 12:00:00 AM,,,Brownfield,No,Yes,1,0,1,0,0,0,1,0,0,0,0,0,0,0,0,0,,0,0,519.8529968,93.91806608
80,201826A,H29,10/16/2017 12:00:00 AM,2.147571481,SUMMERFIELD GARDENS NORTH,343648,733206,Effective,Site Complete,INVERTAY HOMES,Private,17/00307/FULL,10/16/2017 12:00:00 AM,17/00650/DOM1,9/29/2023 12:00:00 AM,Brownfield,No,No,43,3,40,0,3,40,0,0,0,0,0,0,0,0,0,0,,0,3,21475.71497,672.4927697
81,202022,,05/01/2020 00:00,0.31928678,"EAST SCHOOL ROAD, DOWNFIELD HOUSE",339035,733033,Effective,Under Construction,ABERKELL DEVELOPMENTS,Private,"19/00830/FULL, 22/0024/NMV",05/01/2020 00:00,"21/00094/DOM1, 21/00172/DOM1",,Brownfield,No,Yes,14,0,2,12,2,4,10,10,0,0,0,0,0,0,0,0,0,0,10,3192.867828,254.9153606
82,201109B,H17,10/16/2020 12:00:00 AM,0.37882462,"DOCK STREET, HARBOUR CHAMBERS / CUSTOMS HOUSE",340688,730304,Effective,Under Construction,ALICYDON LTD,Private,20/00399/FULL,10/16/2020 12:00:00 AM,22/00142/DOM1,,Brownfield,No,Yes,49,0,0,49,0,0,49,0,0,0,20,29,0,0,0,0,0,0,49,3788.24614,263.974245
83,202041,,12/14/2020 12:00:00 AM,0.08342838,"CONSTABLE STREET, LOWER DENS WORKS, BLOCK G",340826,730806,Effective,Consent Expired,STABLES DEVELOPMENT LLP,Private,20/00572/FULL,12/14/2020 12:00:00 AM,,12/14/2023 12:00:00 AM,Brownfield,No,Yes,24,0,0,24,0,0,24,0,24,0,0,0,0,0,0,0,,0,24,834.2837982,125.7657462
84,202043,,11/06/2020 00:00,0.012891796,"BROWN STREET, 75/77, BROUGHTY FERRY",346017,730834,Small Site,Planning Consent,PRIVATE,Private,"20/00529/PPPL, 22/00547/FULL",11/18/2022 12:00:00 AM,,,Brownfield,No,Yes,2,0,0,2,0,0,2,0,0,0,0,0,0,0,0,0,,0,0,128.9179535,48.13724312
85,202035G,,11/26/2020 12:00:00 AM,0.010618357,"VICTORIA ROAD, 10,G1 VICTORIA CHAMBERS",340214,730670,Small Site,Under Construction,TAYSIDE PROPERTY MANAGEMENT,Private,20/00133/FULL,11/26/2020 12:00:00 AM,20/00641/DOM1,,Brownfield,No,Yes,1,0,0,1,0,0,1,0,0,0,0,0,0,0,0,0,,0,0,106.183548,47.32498468
86,202035H,,12/11/2020 00:00,0.018125048,"MURRAYGATE, 39, 1/0",340421,730459,Small Site,Under Construction,CASA FRESA HOLDINGS LLP,Private,20/00509/FULL,12/11/2020 00:00,21/00100/DOM1,,Brownfield,No,Yes,3,0,0,3,0,0,3,0,0,0,0,0,0,0,0,0,,0,0,181.2505341,68.90484072
87,202035I,,01/06/2021 00:00,0.012995608,"HILLTOWN, 245",340051,731225,Small Site,Consent Expired,PRIVATE,Private,20/00631/FULL,01/06/2021 00:00,,,Brownfield,No,Yes,1,0,0,1,0,0,1,0,0,0,0,0,0,0,0,0,,0,0,129.9561005,62.08096186
88,202035J,,1/13/2021 12:00:00 AM,0.025383307,"COMMERCIAL STREET, 84, 2/1",340337,730395,Small Site,Consent Expired,CARDROSS ESTATES,Private,20/00612/FULL,1/13/2021 12:00:00 AM,,1/13/2024 12:00:00 AM,Brownfield,No,Yes,1,0,0,1,0,0,1,0,0,0,0,0,0,0,0,0,,0,0,253.8330688,65.14027464
89,202051,,07/10/2020 00:00,0.739519743,"PITKERRO ROAD, 114-116, LAND AT",342347,732643,Effective,Under Construction,ANGUS HA,RSL,"20/00052/FULL, 20/00777/FULL",02/02/2021 00:00,20/00411/DOM1,,Brownfield,No,Yes,21,0,13,8,0,0,21,21,0,0,0,0,0,0,0,0,0,0,21,7395.197464,363.7280198
90,202035K,,02/10/2021 00:00,0.115040148,"CAENLOCHAN ROAD, 4",345098,731659,Small Site,Under Construction,PRIVATE,Private,20/00625/FULL,02/10/2021 00:00,23/00244/DOM2,,Brownfield,No,Yes,1,0,1,0,0,0,1,0,0,0,0,0,0,0,0,0,,0,0,1150.401443,136.3845373
91,202053,,2/18/2021 12:00:00 AM,2.198151616,"MURRAYFIELD PLACE, MURRAYFIELD DRIVE, WHITFIELD AVENUE",343109,732956,Effective,Planning Consent,DUNDEE CITY COUNCIL,Local Authority,"20/00064/FULL, 22/00239/FULL",7/25/2022 12:00:00 AM,22/00293/DOM1,,Brownfield,No,Yes,42,0,10,32,0,0,42,0,22,20,0,0,0,0,0,0,0,0,42,21981.51614,1830.464505
92,202035L,,03/09/2021 00:00,0.080351901,"WEST BELL STREET, 1A",340006,730465,Small Site,Consent Expired,PRIVATE,Private,20/00644/FULL,03/09/2021 00:00,,03/09/2024 00:00,Brownfield,No,Yes,3,0,0,3,0,0,3,0,0,0,0,0,0,0,0,0,,0,0,803.5190125,126.7112148
93,202055,,3/22/2021 12:00:00 AM,0.035304215,"TANNADICE STREET - 28-30, COURT STREET - 32",340729,731660,Effective,Consent Expired,ARB PROPERTIES,Private,"19/00925/FULL, 20/00784/FULL",3/22/2021 12:00:00 AM,,3/22/2024 12:00:00 AM,Brownfield,No,Yes,7,0,0,7,0,0,7,0,0,7,0,0,0,0,0,0,,0,7,353.04216,84.23631666
94,202061B,,10/22/2020 12:00:00 AM,0.224147459,"DALKEITH ROAD, 69",341712,731577,Effective,Under Construction,MARVEND LTD,Private,"19/00026/FULL, 20/00142/FULL",10/22/2020 12:00:00 AM,21/00103/DOM2,,Brownfield,No,Yes,4,0,1,3,0,0,4,0,4,0,0,0,0,0,0,0,0,0,4,2241.474594,193.2217528
95,202019C,,5/20/2020 12:00:00 AM,0.027587521,"DOUGLAS TERRACE, 12",339426,730922,Small Site,Site Complete,PRIVATE,Private,"16/00702/FULL, 20/00143/FULL",5/20/2020 12:00:00 AM,21/00464/DOM2,1/30/2024 12:00:00 AM,Brownfield,No,Yes,1,0,1,0,1,1,0,0,0,0,0,0,0,0,0,0,,0,0,275.8752136,79.471624
96,202065,,11/18/2020 12:00:00 AM,0.26634558,"DALKEITH ROAD, 57",341769,731399,Effective,Planning Consent,PRIVATE,Private,20/00209/FULL,11/18/2020 12:00:00 AM,23/00055/DOM1,,Brownfield,No,Yes,8,0,8,0,0,0,8,0,8,0,0,0,0,0,0,0,0,0,8,2663.45578,209.2784706
97,202066,,12/17/2020 12:00:00 AM,0.658342526,"LIFF PLACE, BROWNHILL PLACE. SITES 1 & 2",336499,732119,Effective,Under Construction,BLACKWOOD HOMES & CARE,RSL,20/00247/FULL,12/17/2020 12:00:00 AM,20/00622/DOM1,,Brownfield,No,Yes,23,0,3,20,0,0,23,10,13,0,0,0,0,0,0,0,0,0,23,6583.425278,553.5259
98,202067,,12/17/2020 12:00:00 AM,0.910086451,"GOURDIE PLACE, GOURDIE CRESCENT, LAND AT. SITES 3 & 4",336236,731913,Effective,Under Construction,BLACKWOOD HOMES & CARE,RSL,20/00248/FULL,12/17/2020 12:00:00 AM,20/00624/DOM1,,Brownfield,No,Yes,22,0,10,12,0,0,22,10,12,0,0,0,0,0,0,0,0,0,22,9100.864609,646.7004477
99,202068,,12/17/2020 12:00:00 AM,0.480890597,"BUTTARS ROAD, LAND TO SOUTH. SITES 5 & 6",336603,731958,Effective,Under Construction,BLACKWOOD HOMES & CARE,RSL,20/00249/FULL,12/17/2020 12:00:00 AM,20/00623/DOM1,,Brownfield,No,Yes,9,0,3,6,0,0,9,9,0,0,0,0,0,0,0,0,9,0,9,4808.90593,435.2599105
100,202024,,5/21/2020 12:00:00 AM,1.019963271,"PITKERRO ROAD, NORTH OF, LONGHAUGH ROAD, EAST OF",342795,732954,Effective,Under Construction,LONGHAUGH DEVELOPMENTS LTD,Private,"19/00063/FULL, ",5/21/2020 12:00:00 AM,20/00529/DOM1,,Brownfield,No,Yes,14,0,14,0,4,12,2,2,0,0,0,0,0,0,0,0,0,0,2,10199.63275,488.6806112
101,202019D,,5/26/2020 12:00:00 AM,0.02131092,"MONIFIETH ROAD, 69, STONELEE GUEST HOUSE",346866,731047,Small Site,Under Construction,PRIVATE,Private,20/00148/FULL,5/26/2020 12:00:00 AM,21/00195/DOM4,,Brownfield,No,Yes,1,0,1,0,0,0,1,0,0,0,0,0,0,0,0,0,,0,0,213.1092224,75.3999887
102,202019E,,6/25/2020 12:00:00 AM,0.968042772,"VICTORIA ROAD, 1, BROUGHTY FERRY",345373,731349,Small Site,Consent Expired,PRIVATE,Private,20/00176/FULL,6/25/2020 12:00:00 AM,,6/25/2023 12:00:00 AM,Brownfield,No,Yes,3,0,0,3,0,0,3,0,0,0,0,0,0,0,0,0,,0,0,9680.427811,498.3820191
103,202019F,,6/25/2020 12:00:00 AM,0.115366251,"ALBANY ROAD, 39A",344896,731442,Small Site,Site Complete,PRIVATE,Private,20/00292/FULL,6/25/2020 12:00:00 AM,20/00400/DOM4,8/17/2023 12:00:00 AM,Brownfield,No,Yes,2,0,0,2,2,2,0,0,0,0,0,0,0,0,0,0,,0,2,1153.662552,180.681049
104,202030,,7/30/2020 12:00:00 AM,0.129024007,"GELLATLY STREET, 3",340610,730351,Effective,Under Construction,MCGILL (DOCK STREET) LTD,Private,"19/00502/FULL, 21/00215/FULL",12/07/2021 00:00,22/00215/DOM1,,Brownfield,No,Yes,49,0,0,49,0,0,49,0,49,0,0,0,0,0,0,0,0,0,49,1290.240067,186.3028626
105,202031,,7/31/2020 12:00:00 AM,0.211230853,PITKERRO MILL,345088,733487,Small Site,Under Construction,A&G PROPERTIES,Private,19/00861/FULL,7/31/2020 12:00:00 AM,20/00248/DOM2,,Brownfield,No,Yes,2,0,2,0,0,0,2,0,0,0,0,0,0,0,0,0,,0,0,2112.308502,402.7221661
106,202032A,,7/31/2020 12:00:00 AM,0.025906448,"SYMERS STREET, LAND TO EAST OF 6",338543,734031,Small Site,Planning Consent,PRIVATE,Private,"20/00232/FULL, 23/00474/FULL",9/29/2023 12:00:00 AM,22/00184/DOM2,,Brownfield,No,Yes,1,0,1,0,0,0,1,0,0,0,0,0,0,0,0,0,,0,0,259.0644531,67.27031282
107,202032B,,09/01/2020 00:00,0.207923236,"FAIRFIELD ROAD, 10",344602,731449,Effective,Under Construction,WEST DEVELOPMENTS (SCOTLAND) LTD,Private,"20/00160/FULL, 21/00651/FULL, ",11/11/2021 00:00,22/00129/DOM1,,Brownfield,No,Yes,4,0,0,4,1,1,3,4,0,0,0,0,0,0,0,0,0,0,3,2079.232346,206.9652627
108,202032C,,09/02/2020 00:00,0.206672918,"FAIRFIELD ROAD, 10",344619,731407,Small Site,Site Complete,WEST DEVELOPMENTS (SCOTLAND) LTD,Private,"20/00162/FULL, 21/00702/FULL, 22/00367/FULL",7/29/2022 12:00:00 AM,21/00850/DOM1,04/04/2023 00:00,Brownfield,No,Yes,2,0,2,0,1,2,0,0,0,0,0,0,0,0,0,0,,0,0,2066.729218,193.8127743
109,202035A,,09/04/2020 00:00,0.049832626,"ADELAIDE PLACE, BOWLING GREEN, LAND TO WEST",339508,731114,Small Site,Planning Consent,PRIVATE,Private,"20/00310/PPPL, 23/00314/FULL ",8/28/2023 12:00:00 AM,,,Brownfield,No,Yes,1,0,1,0,0,0,1,0,0,0,0,0,0,0,0,0,,0,0,498.3262177,96.06396551
110,202035B,,8/31/2020 12:00:00 AM,0.009521396,"ERSKINE STREET, 20",340962,731134,Small Site,Consent Expired,PRIVATE,Private,20/00365/FULL,8/31/2020 12:00:00 AM,,8/31/2023 12:00:00 AM,Brownfield,No,Yes,1,0,1,0,0,0,1,0,0,0,0,0,0,0,0,0,,0,0,95.21395874,42.75353359
111,202035C,,10/02/2020 00:00,0.130391152,"ALBANY ROAD, 50, GARDEN GROUND TO SOUTH",344782,731354,Small Site,Planning Consent,PRIVATE,Private,"20/00289/PPPL, 23/00839/PPPL",02/02/2024 00:00,,,Brownfield,No,Yes,1,0,1,0,0,0,1,0,0,0,0,0,0,0,0,0,,0,0,1303.911545,240.9115874
112,202035D,,11/10/2020 00:00,0.047011426,"SPRINGHILL, 13",341571,731090,Small Site,Under Construction,PRIVATE,Private,20/00459/FULL,11/10/2020 00:00,20/00540/DOM4,11/10/2023 00:00,Brownfield,No,Yes,1,0,1,0,0,0,1,0,0,0,0,0,0,0,0,0,,0,0,470.1142578,88.63437127
113,202035F,,11/12/2020 00:00,0.130969517,"DUDHOPE TERRACE, 9",339435,730892,Small Site,Under Construction,PRIVATE,Private,20/00548/FULL,11/12/2020 00:00,20/00512/DOM4,,Brownfield,No,Yes,1,0,1,0,0,0,1,0,0,0,0,0,0,0,0,0,,0,0,1309.695175,154.4181457
114,202061D,,08/11/2020 00:00,0.012799257,"NETHERGATE, 138, BASEMENT",340057,729953,Small Site,Under Construction,PRIVATE,Private,20/00343/FULL,08/11/2020 00:00,20/00563/DOM2,,Brownfield,No,Yes,1,0,0,1,0,0,1,0,0,0,0,0,0,0,0,0,,0,0,127.992569,52.05568348
115,202071,,2/21/2021 12:00:00 AM,0.128974317,"SOAPWORK LANE, SOAPWORK LANE HOUSE",340134,730639,Effective,Site Complete,HILLCREST HA,RSL,20/00714/FULL,2/24/2021 12:00:00 AM,20/00595/DOM1,04/12/2023 00:00,Brownfield,No,Yes,15,0,0,15,15,15,0,0,0,0,0,0,0,0,0,0,,0,15,1289.743103,151.9439185
116,202061F,,05/12/2021 00:00,0.130322398,"AMERICANMUIR ROAD, 38, GARDEN GROUND",338540,733383,Small Site,Planning Consent,PRIVATE,Private,20/00690/FULL,05/12/2021 00:00,Refused,,Brownfield,No,Yes,1,0,1,0,0,0,1,0,0,0,0,0,0,0,0,0,,0,0,1303.223999,170.5392881
117,202061G,,2/23/2021 12:00:00 AM,0.422398003,"DYKES OF GRAY, BRAESIDE",334221,732256,Small Site,Site Complete,PRIVATE,Private,20/00791/FULL,2/23/2021 12:00:00 AM,21/00576/DOM2,8/18/2023 12:00:00 AM,Brownfield,No,Yes,1,0,1,0,1,1,0,0,0,0,0,0,0,0,0,0,,0,0,4223.980042,287.3967898
118,202061H,,4/21/2021 12:00:00 AM,0.078396289,"NORTH GRANGE FARM, LAND TO EAST OF FARMHOUSE",348471,733313,Small Site,Site Complete,PRIVATE,Private,20/00840/FULL,04/12/2021 00:00,21/00774/DOM2,7/17/2023 12:00:00 AM,Brownfield,No,Yes,1,0,1,0,1,1,0,0,0,0,0,0,0,0,0,0,,0,0,783.9628754,119.8351489
119,202105B,,07/01/2021 00:00,0.022691432,"SPRINGFIELD, 8, G/0",339325,729829,Small Site,Planning Consent,PRIVATE,Private,20/00618/FULL,7/16/2021 12:00:00 AM,22/00115/DOM1,,Brownfield,No,Yes,2,0,0,2,0,0,2,0,0,0,0,0,0,0,0,0,,0,0,226.9143219,77.77278963
120,202105C,,08/01/2021 00:00,0.072434696,"FREDERICK STREET, 45, GARDEN GROUND",338778,733449,Small Site,Planning Consent,PRIVATE,Private,"20/00721/FULL, 22/00756/FULL",02/08/2023 00:00,21/00594/DOM1,,Brownfield,No,Yes,1,0,1,0,0,0,1,0,0,0,0,0,0,0,0,0,,0,0,724.3469696,108.4031725
121,202105D,,10/01/2021 00:00,0.021457521,"NORTH STREET, 40",339958,731642,Small Site,Planning Consent,PRIVATE,Private,21/00008/FULL,10/21/2021 12:00:00 AM,21/00027/DOM1,,Brownfield,No,Yes,1,0,1,0,0,0,1,0,0,0,0,0,0,0,0,0,,0,0,214.5752106,58.37489551
122,202105F,,11/01/2021 00:00,0.010331294,"REFORM STREET, 51, MF SPACE",340245,730375,Effective,Planning Consent,PRIVATE,Private,21/00719/FULL,11/18/2021 12:00:00 AM,,,Brownfield,No,Yes,4,0,0,4,0,0,4,4,0,0,0,0,0,0,0,0,0,0,4,103.312912,42.18590895
123,202105G,,8/21/2021 12:00:00 AM,0.010331294,"REFORM STREET, 51, 2/2, CAFE",340245,730375,Small Site,Planning Consent,PRIVATE,Private,21/00501/FULL,8/27/2021 12:00:00 AM,,,Brownfield,No,Yes,1,0,0,1,0,0,4,0,0,0,0,0,0,0,0,0,,0,0,103.312912,42.18590895
124,202105H,,12/01/2021 00:00,0.348472494,"SOUTHAMPTON ROAD, FORMER CRAIGIE HOUSE, LAND AT",343560,731345,Small Site,Site Complete,DUNDEE CITY COUNCIL,Local Authority,21/00634/FULL,12/14/2021 12:00:00 AM,21/00663/DOM2,8/25/2023 12:00:00 AM,Brownfield,No,Yes,1,0,1,0,1,1,0,0,0,0,0,0,0,0,0,0,,0,1,3484.724976,274.0832348
125,202105I,,08/01/2021 00:00,0.114643941,"STRATHERN ROAD, 140",345677,731472,Small Site,Planning Consent,PRIVATE,Private,20/00798/FULL,8/20/2021 12:00:00 AM,22/00001/DOM2,,Brownfield,No,Yes,1,0,1,0,0,0,1,0,0,0,0,0,0,0,0,0,,0,0,1146.439423,155.9998719
126,202105J,,08/01/2021 00:00,0.056125411,"BALGOWAN DRIVE, 7",339134,733842,Small Site,Planning Consent,PRIVATE,Private,21/00471/FULL,8/17/2021 12:00:00 AM,,,Brownfield,No,Yes,1,0,1,0,0,0,1,0,0,0,0,0,0,0,0,0,,0,0,561.2541046,93.1752465
127,202105K,,08/01/2021 00:00,0.015139639,"SOUTH TAY STREET, 28, GROUND & BASEMENT",339909,730015,Small Site,Site Complete,RD DEVELOPMENTS LTD,Private,21/00361/FULL,8/26/2021 12:00:00 AM,21/00711/DOM4,05/11/2023 00:00,Brownfield,No,Yes,2,0,0,2,2,2,0,0,0,0,0,0,0,0,0,0,,0,0,151.3963623,49.5504102
128,202106,,08/01/2021 00:00,0.211195922,"COUPAR ANGUS ROAD, 40, SITE OF FORMER HOTEL",337386,732179,Effective,Under Construction,REDWOOD BIRKHILL LIMITED,RSL,20/00591/FULL,8/17/2021 12:00:00 AM,19/00574/DOM1,,Brownfield,No,Yes,18,0,0,18,0,0,18,18,0,0,0,0,0,0,0,0,0,0,18,2111.959167,197.3009532
129,202107,,12/01/2021 00:00,1.148099471,"PERTH ROAD, 329, FERNBRAE HOSPITAL",337615,729923,Effective,Planning Consent,S1 WEST LTD,Private,21/00604/FULL,12/15/2021 12:00:00 AM,22/00059/DOM1,,Brownfield,No,Yes,22,0,5,17,0,0,22,0,10,12,0,0,0,0,0,0,0,0,22,11480.99471,479.7249522
130,202305,,11/23/2022 12:00:00 AM,0.103842418,"BALGILLO ROAD, 157, LAND SOUTH",346450,732090,Small Site,Planning Consent,PRIVATE,Private,22/00503/FULL,11/23/2022 12:00:00 AM,,,Brownfield,No,Yes,1,0,1,0,0,0,0,0,0,0,0,0,0,0,0,0,,0,0,1038.424164,136.6699554
131,201010A,H28,12/16/2022 12:00:00 AM,1.343629775,TRANENT GROVE,343303,733461,Effective,Planning Consent,DISCOVERY HOMES LTD,Private,22/00461/FULL,12/16/2022 12:00:00 AM,,,Brownfield,No,No,17,0,17,0,0,0,17,0,17,0,0,0,0,0,0,0,0,0,17,13436.29768,651.5493724
132,202206,,5/21/2021 12:00:00 AM,0.296646318,"BROWNHILL PLACE, BROWNHILL STREET. SITE 7",336681,732054,Effective,Under Construction,BLACKWOOD HOMES & CARE,RSL,20/00250/FULL,5/21/2021 12:00:00 AM,20/00622/DOM1,,Brownfield,No,Yes,12,0,0,12,0,0,12,12,0,0,0,0,0,0,0,0,0,0,12,2966.463196,307.9190509
133,202108,,4/21/2021 12:00:00 AM,0.251144118,LAND AT FORMER TAY ROPE WORKS MAGDALEN YARD ROAD,339151,729525,Effective,Under Construction,F & H DEVELOPMENTS,Private,19/00297/FULL,4/21/2021 12:00:00 AM,21/00543/DOM1,,Brownfield,No,Yes,9,0,5,4,0,0,9,9,0,0,0,0,0,0,0,0,0,0,9,2511.441177,457.7118975
134,202201,,02/09/2022 00:00,0.176496723,LAND TO EAST OF 247 BLACKNESS ROAD,338564,730306,Effective,Planning Consent,DUNDEE CITY COUNCIL,RSL,21/00525/FULL,02/09/2022 00:00,22/00026/DOM1,,Brownfield,No,Yes,24,0,0,24,0,0,24,0,12,12,0,0,0,0,0,0,0,0,24,1764.96727,174.7147139
135,202202,,3/16/2022 12:00:00 AM,2.100051436,SITE OF FORMER FACTORY BALLINDEAN ROAD,343400,732158,Effective,Under Construction,CULLROSS LTD/CALEDONIA HA/BOC LTD,Mixed,21/00602/FULM,3/16/2022 12:00:00 AM,22/00380/DOM1,,Brownfield,No,Yes,67,0,43,24,0,0,67,55,12,0,0,0,0,0,0,0,0,0,67,21000.51439,572.5189846
136,202203,,3/17/2022 12:00:00 AM,0.039052615,"NICOLL STREET, 6",339986,730411,Effective,Planning Consent,PRIVATE,Private,20/00598/FULL,3/17/2022 12:00:00 AM,23/00060/DOM1,,Brownfield,No,Yes,10,0,0,10,0,0,10,0,10,0,0,0,0,0,0,0,0,0,10,390.5261688,85.88779264
137,202204,,2/17/2022 12:00:00 AM,6.306679836,SITE OF FORMER JAMES KEILLER BUILDINGS 32 - 34 MAINS LOAN,340952,732266,Effective,Under Construction,BARRATT NORTH SCOTLAND/MARKETGAIT DEVELOPMENTS,Private,20/00098/FULM,2/17/2022 12:00:00 AM,"21/00098/DOM1, 22/00091/DOM1",,Brownfield,No,Yes,223,0,167,56,28,28,195,52,52,52,40,0,0,0,0,0,0,0,195,63066.79831,1056.242746
138,202205,,3/17/2022 12:00:00 AM,0.571371831,"BURNSIDE STREET, 55",338192,731432,Effective,Planning Consent,HILLCREST HA,RSL,21/00857/FULM,3/17/2022 12:00:00 AM,24/00176/DOM1,,Brownfield,No,Yes,54,0,0,54,0,0,54,0,0,54,0,0,0,0,0,0,0,0,54,5713.718277,407.4388729
139,202104,,6/16/2021 12:00:00 AM,1.342063039,LAND AT FORMER ROSEBANK PRIMARY SCHOOL,339990,730905,Effective,Under Construction,DISCOVERY HOMES LTD,TBC,21/00011/FULL,6/16/2021 12:00:00 AM,"21/00088/DOM1, 21/00648/DOM1",,Brownfield,No,Yes,40,0,40,0,8,8,32,16,16,0,0,0,0,0,0,0,0,0,32,13420.63039,523.6645525
140,202208,,3/16/2022 12:00:00 AM,0.041527113,"FORTHILL ROAD, 10",346229,731308,Small Site,Planning Consent,PRIVATE,Private,21/00688/PPPL,3/16/2022 12:00:00 AM,,,Brownfield,No,Yes,1,0,1,0,0,0,1,0,0,0,0,0,0,0,0,0,,0,0,415.2711487,89.31866145
141,202207,,1/21/2019 12:00:00 AM,0.117999035,"BUCHANAN STREET, ELECTRIC SUB-STATION",340869,731410,Effective,Site Complete,PRIVATE,TBC,"18/00779/PPPL, 21/00934/APCONL",4/21/2022 12:00:00 AM,22/00256/DOM1,03/01/2024 00:00,Brownfield,No,Yes,14,0,0,14,14,14,0,0,0,14,0,0,0,0,0,0,,0,14,1179.990372,144.9999044
142,202302,,8/23/2022 12:00:00 AM,0.108915452,"ELLISLEA ROAD, 9, GARDEN GROUND",345024,731414,Small Site,Under Construction,PRIVATE,Private,22/00373/FULL,8/23/2022 12:00:00 AM,22/00610/DOM2,,Brownfield,No,Yes,1,0,1,0,0,0,1,0,0,0,0,0,0,0,0,0,,0,0,1089.154572,150.7850052
143,202303,,9/27/2022 12:00:00 AM,0.159906299,"GUTHRIE STREET, 9",339644,730319,Effective,Planning Consent,PRIVATE,Private,21/00296/FULL,9/27/2022 12:00:00 AM,,,Brownfield,No,Yes,18,0,0,18,0,0,18,0,0,18,0,0,0,0,0,0,0,0,18,1599.063019,187.7573963
144,202304,,11/10/2022 00:00,0.17793503,"CAMPHILL ROAD, 65, LAND TO SOUTH",346894,731323,Small Site,Planning Consent,PRIVATE,Private,22/00545/FULL,11/10/2022 00:00,,,Brownfield,No,Yes,1,0,1,0,0,0,1,0,0,0,0,0,0,0,0,0,,0,0,1779.350296,179.5440766
145,202306,,11/25/2022 12:00:00 AM,0.030119966,"LAUDERDALE AVENUE, 88, GARDEN GROUND TO SOUTH",338288,733486,Small Site,Planning Consent,PRIVATE,Private,22/00535/PPPL,11/25/2022 12:00:00 AM,,,Brownfield,No,Yes,1,0,1,0,0,0,1,0,0,0,0,0,0,0,0,0,,0,0,301.199646,70.23029313
146,202308,,12/22/2022 12:00:00 AM,0.306277677,"ELLIOT ROAD, MAINS OF BALGAY",337381,730420,Effective,Planning Consent,PRIVATE,Private,22/00563/FULL,12/22/2022 12:00:00 AM,,,Brownfield,No,Yes,5,0,5,0,0,0,5,0,0,5,0,0,0,0,0,0,0,0,5,3062.776749,297.7773713
147,202309,,12/22/2022 12:00:00 AM,0.023789875,"HILLTOWN, 114, MOSQUE",340168,730930,Effective,Planning Consent,PRIVATE,Private,22/00699/FULL,12/22/2022 12:00:00 AM,,,Brownfield,No,Yes,5,0,0,5,0,0,5,0,0,5,0,0,0,0,0,0,0,0,5,237.8987427,60.88955927
148,201913,,6/21/2018 12:00:00 AM,0.188259324,"CANDLE LANE, 9-11 ",340603,730390,Effective,Under Construction,HILLCREST HA,RSL,18/00016/FULL,6/21/2018 12:00:00 AM,19/00288/DOM1,,Brownfield,No,Yes,24,0,0,24,0,0,24,24,0,0,0,0,0,0,0,0,0,0,24,1882.593246,477.7461616
149,202310,,02/10/2023 00:00,0.04536329,"CANDLE LANE, 3-7",340567,730409,Effective,Planning Consent,MURRAYFIELD PROPERTIES LTD,Private,20/00739/FULL,02/10/2023 00:00,,,Brownfield,No,Yes,8,0,0,8,0,0,8,0,0,8,0,0,0,0,0,0,0,0,8,453.6328735,87.19797234
150,202311,,03/08/2023 00:00,0.02002493,"LOCHEE ROAD, 142A",338908,730689,Small Site,Under Construction,PRIVATE,Private,22/00485/FULL,03/08/2023 00:00,23/00067/DOM2,,Brownfield,No,Yes,1,0,0,1,0,0,1,0,0,0,0,0,0,0,0,0,,0,0,200.2493286,68.00591846
151,202313,,3/31/2023 12:00:00 AM,0.284476229,"DYKES OF GRAY ROAD, SOUTH OF MAINS OF GRAY FARM",333577,732048,Small Site,Planning Consent,PRIVATE,Private,22/00818/FULL,3/31/2023 12:00:00 AM,,,Greenfield,No,Yes,1,0,1,0,0,0,1,0,0,0,0,0,0,0,0,0,,0,0,2844.762299,238.3474724
152,201109A,H17,6/23/2017 12:00:00 AM,0.723100351,CENTRAL WATERFRONT - SITE 6 *,340454,729970,Effective,Under Construction,DUNDEE CITY COUNCIL,Private,"17/00113/FULM, 18/00400/FULL",8/17/2018 12:00:00 AM,"18/00718/DOM1, 18/00719/DOM1",,Brownfield,No,Yes,99,0,0,99,0,0,99,0,0,0,50,49,0,0,0,0,0,0,99,7231.003525,358.9955084
153,201826C,H29,6/13/2022 12:00:00 AM,1.942223668,"SUMMERFIELD AVENUE AT SUMMERFIELD GARDENS, LAND TO WEST",343614,733089,Effective,Under Construction,INVERTAY HOMES,Private,21/00736/FULL,6/13/2022 12:00:00 AM,22/00410/DOM1,,Brownfield,No,No,34,0,34,0,0,0,34,0,15,19,0,0,0,0,0,0,0,0,34,19422.23672,634.9092487
154,201826D,H29,3/30/2023 12:00:00 AM,0.360884214,"SUMMERFIELD AVENUE AT SUMMERFIELD GARDENS, LAND TO WEST",343680,733153,Effective,Under Construction,INVERTAY HOMES,Private,22/00148/FULL,3/30/2023 12:00:00 AM,22/00700/DOM1,,Brownfield,No,No,8,0,8,0,0,0,8,8,0,0,0,0,0,0,0,0,0,0,8,3608.842117,249.5783378
155,202319,,08/10/2023 00:00,0.212187901,"DONALDS LANE, SITE OF FORMER 6",336880,731887,Effective,Planning Consent,H & H PROPERTIES LTD,Private,22/00376/FULL,08/10/2023 00:00,0,,Brownfield,No,Yes,4,0,4,0,0,0,4,0,4,0,0,0,0,0,0,0,0,0,4,2121.878983,319.0384959
156,201510A,H06,1/27/2020 12:00:00 AM,0.143482051,"HIGH STREET, LOCHEE, SITE OF WEAVERS VILLAGE",337888,731469,Effective,Consent Expired,HILLCREST HA,RSL,19/00738/FULL,1/27/2020 12:00:00 AM,21/00029/DOM1,,Brownfield,No,No,14,0,0,14,0,0,14,0,0,0,0,0,0,0,0,0,,0,,1434.820511,164.5313872
157,202405,,2/29/2024 12:00:00 AM,0.012525694,"BELL STREET, 86, UNIT 1, INDIA BUILDINGS",340205,730599,Small Site,Planning Consent,PRIVATE,Private,23/00855/FULL,2/29/2024 12:00:00 AM,0,,Brownfield,No,Yes,1,0,0,1,0,0,0,0,0,0,0,0,0,0,0,0,,0,,125.2569427,46.60804165
158,202402,,01/12/2024 00:00,0.011603429,"BELL STREET, 46 & 50",340141,730567,Small Site,Planning Consent,PRIVATE,Private,23/00701/FULL,01/12/2024 00:00,0,,Brownfield,No,Yes,1,0,0,1,0,0,1,0,0,0,0,0,0,0,0,0,,0,,116.034317,44.98121664
159,202326,,12/21/2023 12:00:00 AM,0.017496595,"BELL STREET, 86, UNIT 2, INDIA BUILDINGS",340204,730611,Small Site,Planning Consent,PAVILLION PROPERTIES LTD,Private,23/00694/FULL,12/21/2023 12:00:00 AM,0,,Brownfield,No,Yes,1,0,0,1,0,0,0,0,0,0,0,0,0,0,0,0,,0,,174.9659576,65.90838566
160,202404,,02/05/2024 00:00,0.316816261,"PERTH ROAD, 381, GARDEN GROUND TO EAST",336752,730030,Small Site,Planning Consent,PRIVATE,Private,23/00668/FULL,02/05/2024 00:00,0,,Brownfield,No,Yes,1,0,1,0,0,0,1,0,0,0,0,0,0,0,0,0,,0,,3168.162674,452.2808027
161,202323,,11/03/2023 00:00,0.012693414,"NETHERGATE, 32",340252,730132,Small Site,Planning Consent,PRIVATE,Private,23/00587/FULL,11/03/2023 00:00,24/00117/DOM4,,Brownfield,No,Yes,2,0,0,2,0,0,0,0,0,0,0,0,0,0,0,0,,0,,126.9341278,45.76074752
162,202325,,11/23/2023 12:00:00 AM,0.014148116,"BELL STREET, 86, INDIA BUILDINGS, 2, UPPER GROUND FLOOR",340216,730603,Small Site,Planning Consent,PAVILLION PROPERTIES LTD,Private,23/00571/FULL,11/23/2023 12:00:00 AM,23/00543/DOM1,,Brownfield,No,Yes,1,0,0,1,0,0,1,0,0,0,0,0,0,0,0,0,,0,,141.4811401,52.16648504
163,202327,,12/21/2023 12:00:00 AM,0.014136677,"BELL STREET, 86, INDIA BUILDINGS, 2, LOWER GROUND FLOOR",340216,730603,Small Site,Planning Consent,PAVILLION PROPERTIES LTD,Private,23/00574/FULL,12/21/2023 12:00:00 AM,24/00030/DOM1,,Brownfield,No,Yes,1,0,0,1,0,0,0,0,0,0,0,0,0,0,0,0,,0,,141.3667908,52.16686035
164,202324,,11/07/2023 00:00,0.15233521,"DICKSON AVENUE, THE ROCK",336124,731003,Effective,Planning Consent,ROCK DEVELOPMENTS (SCOTLAND) LTD,Private,23/00510/FULL,11/07/2023 00:00,23/00008/DOM1,,Brownfield,No,Yes,16,0,0,16,0,0,16,0,8,8,0,0,0,0,0,0,0,0,16,1523.352127,176.329041
165,202401,,01/10/2024 00:00,0.239697948,"NETHERGATE, 172, CAIRD REST",339852,729813,Effective,Planning Consent,PRIVATE,Private,23/00451/FULL,01/10/2024 00:00,0,,Brownfield,No,Yes,5,0,0,5,0,0,5,0,5,0,0,0,0,0,0,0,0,0,5,2396.979492,203.6554984
166,202407,,3/20/2024 12:00:00 AM,0.133380249,"DUNDEE ROAD, 69, WOODCROFT",344360,731160,Small Site,Planning Consent,PRIVATE,Private,23/00404/FULL,3/20/2024 12:00:00 AM,0,,Greenfield,No,Yes,1,0,1,0,0,0,0,0,0,0,0,0,0,0,0,0,,0,,1333.802521,149.9494125
167,202322,,10/12/2023 00:00,0.202699582,"KINGHORNE ROAD, 119A, THE HIGH KIRK",339491,731290,Effective,Planning Consent,DAVID GRAY  CONSTRUCTION LTD,Private,23/00389/FULL,10/12/2023 00:00,24/00145/DOM1 (pending),,Brownfield,No,Yes,8,0,0,8,0,0,8,0,8,0,0,0,0,0,0,0,0,0,8,2026.995712,206.1039547
169,202318,,7/31/2023 12:00:00 AM,0.007722659,"BELL STREET, 86, UG FLOOR, INDIA BUILDINGS",340211,730614,Small Site,Planning Consent,PAVILLION PROPERTIES LTD,Private,23/00345/FULL,7/31/2023 12:00:00 AM,0,,Brownfield,No,Yes,1,0,0,1,0,0,1,0,0,0,0,0,0,0,0,0,,0,,77.22660828,38.81372898
170,202317,,7/28/2023 12:00:00 AM,0.004055428,"CLEGHORN STREET, 25A ",338740,730664,Small Site,Planning Consent,PRIVATE,Private,23/00279/FULL,7/28/2023 12:00:00 AM,23/00422/DOM4,,Brownfield,No,Yes,1,0,0,1,0,0,1,0,0,0,0,0,0,0,0,0,,0,,40.55426025,27.97936472
171,202316,,7/21/2023 12:00:00 AM,0.085897914,"STRATHERN ROAD, 32, GARDEN GROUND",344271,731367,Small Site,Under Construction,PRIVATE,Private,23/00199/FULL,7/21/2023 12:00:00 AM,23/00589/DOM2,,Brownfield,No,Yes,1,0,1,0,0,0,1,0,0,0,0,0,0,0,0,0,,0,,858.9791107,174.7074706
172,202403,,1/23/2024 12:00:00 AM,0.050141812,"SHEPHERDS LOAN, LAND SOUTH OF STEPHENS YARD",338788,729671,Small Site,Planning Consent,PRIVATE,Private,23/00170/FULL,1/23/2024 12:00:00 AM,0,,Brownfield,No,Yes,2,0,2,0,0,0,2,0,0,0,0,0,0,0,0,0,,0,0,501.4180756,97.31440506
173,202315,,5/19/2023 12:00:00 AM,0.115542344,"BROUGHTY FERRY ROAD, 208",342298,731118,Small Site,Planning Consent,PRIVATE,Private,23/00128/FULL,5/19/2023 12:00:00 AM,0,,Brownfield,No,Yes,2,0,2,0,0,0,2,0,0,0,0,0,0,0,0,0,,0,,1155.423416,145.2752681
174,202314,,5/18/2023 12:00:00 AM,0.03373272,"DANIEL TERRACE, 2",339440,730204,Small Site,Planning Consent,PRIVATE,Private,23/00112/FULL,5/18/2023 12:00:00 AM,0,,Brownfield,No,Yes,2,0,0,2,0,0,2,0,0,0,0,0,0,0,0,0,,0,0,337.327179,73.19780615
175,202321,,08/10/2023 00:00,0.031726486,"KINGSWAY, 74, GARDEN GROUND",340809,732504,Small Site,Planning Consent,PRIVATE,Private,23/00110/PPPL,08/10/2023 00:00,0,,Brownfield,No,Yes,1,0,1,0,0,0,1,0,0,0,0,0,0,0,0,0,,0,,317.2648621,76.76421416
176,202406,,3/15/2024 12:00:00 AM,0.0355161,"GOTTERSTONE DRIVE, 61",344544,731906,Small Site,Planning Consent,PRIVATE,Private,23/00079/FULL,3/15/2024 12:00:00 AM,,,Brownfield,No,Yes,1,0,1,0,0,0,1,0,0,0,0,0,0,0,0,0,,0,0,355.1610565,74.50412918
177,201011A,H27,9/13/2023 12:00:00 AM,1.200707426,"Whitfield Drive, South, Site Of Whitfield Primary School",343204,733328,Effective,Planning Consent,ANGUS HA,Housing Association,19/00716/FULL,9/13/2023 12:00:00 AM,23/00047/DOM1,,Brownfield,No,,18,0,10,8,0,0,18,0,0,18,0,0,0,0,0,0,0,0,18,12007.07428,637.7979029
178,201011B,H27,9/13/2023 12:00:00 AM,1.154683868,"Whitfield Drive, North, Site Of Whitfield Primary School",343234,733380,Effective,Planning Consent,GEORGE MARTIN ,Private,19/00776/FULL,9/13/2023 12:00:00 AM,0,,Brownfield,No,No,30,0,30,0,0,0,30,0,0,0,15,15,0,0,0,0,0,0,30,11546.83875,533.4534069
179,201510B,H06,05/04/2023 00:00,0.041786795,"BURNSIDE STREET, 6-10, SITE OF",337951,731543,Small Site,Under Construction,PRIVATE,Private,22/00748/FULL,05/04/2023 00:00,23/00119/DOM1,,Brownfield,No,No,2,0,2,0,0,0,2,0,0,0,0,0,0,0,0,0,,0,,417.8679657,83.2231113
180,202115,,11/18/2021 12:00:00 AM,0.028412288,"WHITEHALL CRESCENT, 3",340357,730131,Effective,Planning Consent,JOUP PROPERTY LTD,Private,21/00636/FULL,11/18/2021 12:00:00 AM,22/00065/DOM1,,Brownfield,No,Yes,14,0,0,14,0,0,14,14,0,0,0,0,0,0,0,0,0,0,14,284.1228333,72.07123544
181,200719,,3/23/2007 12:00:00 AM,0.135575366,"ESPLANADE, FORMER JACQUES NIGHTCLUB",347257,730953,Effective,Site Complete,GL RESIDENTIAL,Private,11/00340/FULL,09/05/2011 00:00,12/00395/NBUILD,2/29/2024 12:00:00 AM,Brownfield,No,Yes,11,1,0,11,1,11,0,0,0,0,0,0,0,0,0,0,0,0,0,1355.753693,166.5908036
182,201506,.,08/04/2017 00:00,0.124914263,"CLAVERHOUSE OLD ROAD, LAND TO EAST OF 1",340818,733650,Effective,Site Complete,RIVERVIEW CONSTRUCTION LTD,Private,16/00987/FULL,08/04/2017 00:00,18/00146/DOM1,5/23/2023 12:00:00 AM,Brownfield,No,Yes,4,0,4,0,4,4,0,0,0,0,0,0,0,0,0,0,0,0,0,1249.142654,155.8978336
183,201812,.,12/20/2018 12:00:00 AM,0.101089846,"RAGLAN STREET, 5",341183,731151,Effective,Site Complete,JF KEGS,RSL,18/00984/FULL,12/20/2018 12:00:00 AM,22/00206/DOM1,12/04/2023 00:00,Brownfield,No,Yes,16,0,0,16,16,16,0,0,0,0,0,0,0,0,0,0,0,0,0,1010.898392,136.0306842
184,202215,,8/29/2022 12:00:00 AM,0.132016198,"STRATHMARTINE ROAD, 347-349",338960,733333,Small Site,Site Complete,PRIVATE,Private,22/00444/FULL,8/29/2022 12:00:00 AM,22/00464/DOM1,3/15/2024 12:00:00 AM,Brownfield,No,Yes,1,0,1,0,1,1,0,0,0,0,0,0,0,0,0,0,0,0,0,1320.161957,155.1631207
